title	reads	date	link	comment count
파이썬(Python) 리눅스 터미널 대기 없이 키 입력받기		2021. 11. 14.	https://blog.naver.com/PostView.naver?blogId=chandong83&logNo=222567117554&categoryNo=81&parentCategoryNo=0&viewDate=&currentPage=1&postListTopCurrentPage=1&from=postView	8
파이썬(Python) GamePad 데이터 읽기 - inputs		2021. 11. 13.	https://blog.naver.com/PostView.naver?blogId=chandong83&logNo=222567107862&categoryNo=81&parentCategoryNo=0&viewDate=&currentPage=1&postListTopCurrentPage=1&from=postView	
미디어파이프(Mediapipe) 파이썬 설치하기 - 윈도우10		2021. 8. 16.	https://blog.naver.com/PostView.naver?blogId=chandong83&logNo=222472645564&categoryNo=81&parentCategoryNo=0&viewDate=&currentPage=1&postListTopCurrentPage=1&from=postView	3
파이썬(Python) - 크롤링으로 역대 로또(lotto) 당첨 번호 이력 가져오기 소스 코드		2021. 7. 1.	https://blog.naver.com/PostView.naver?blogId=chandong83&logNo=222416444855&categoryNo=81&parentCategoryNo=0&viewDate=&currentPage=1&postListTopCurrentPage=1&from=postView	13
파이썬(Python) - 엑셀 파일 불러오기(openpyxl)		2021. 3. 24.	https://blog.naver.com/PostView.naver?blogId=chandong83&logNo=222286282654&categoryNo=81&parentCategoryNo=0&viewDate=&currentPage=1&postListTopCurrentPage=1&from=postView	14
파이썬(Python) - 쿠팡 제품 가격 정보 얻기 소스 코드		2021. 1. 24.	https://blog.naver.com/PostView.naver?blogId=chandong83&logNo=222218388307&categoryNo=81&parentCategoryNo=0&viewDate=&currentPage=1&postListTopCurrentPage=1&from=postView	2
파이썬(Python) - HIGHT ECB 암/복호화 알고리즘 소스 코드		2021. 1. 4.	https://blog.naver.com/PostView.naver?blogId=chandong83&logNo=222196265406&categoryNo=81&parentCategoryNo=0&viewDate=&currentPage=1&postListTopCurrentPage=1&from=postView	11
파이썬(Python) - AES 128 CBC 파일 암호/복호/비교 예제 코드		2021. 1. 3.	https://blog.naver.com/PostView.naver?blogId=chandong83&logNo=222195041384&categoryNo=81&parentCategoryNo=0&viewDate=&currentPage=1&postListTopCurrentPage=1&from=postView	1
파이썬(Python) - 소요시간 확인 코드(static class)		2020. 10. 19.	https://blog.naver.com/PostView.naver?blogId=chandong83&logNo=222120335364&categoryNo=81&parentCategoryNo=0&viewDate=&currentPage=1&postListTopCurrentPage=1&from=postView	5
파이썬(Python) - 동일 파일들 검색해 다른 곳으로 이동하는 코드		2020. 9. 13.	https://blog.naver.com/PostView.naver?blogId=chandong83&logNo=222088360019&categoryNo=81&parentCategoryNo=0&viewDate=&currentPage=1&postListTopCurrentPage=1&from=postView	
스텝 모터(Stepper Motor) 가감속 프로파일 생성 코드 파이썬(Python)		2020. 8. 23.	https://blog.naver.com/PostView.naver?blogId=chandong83&logNo=222068129904&categoryNo=81&parentCategoryNo=0&viewDate=&currentPage=1&postListTopCurrentPage=1&from=postView	
매트랩(Matlab) 가감속 프로파일 생성 코드 파이썬(Python)으로 변환하기		2020. 8. 22.	https://blog.naver.com/PostView.naver?blogId=chandong83&logNo=222067712907&categoryNo=81&parentCategoryNo=0&viewDate=&currentPage=1&postListTopCurrentPage=1&from=postView	1
파이썬(Python) - 티스토리 API(Tistory OpenAPI) 예제		2020. 5. 12.	https://blog.naver.com/PostView.naver?blogId=chandong83&logNo=221958663807&categoryNo=81&parentCategoryNo=0&viewDate=&currentPage=1&postListTopCurrentPage=1&from=postView	23
파이썬(Python) - 네이버 블로그 상단 글 리스트 정보 얻어오기		2020. 5. 10.	https://blog.naver.com/PostView.naver?blogId=chandong83&logNo=221955351945&categoryNo=81&parentCategoryNo=0&viewDate=&currentPage=1&postListTopCurrentPage=1&from=postView	6
파이썬(Python) - 네이버 블로그 글 가져와 백업하기		2020. 5. 9.	https://blog.naver.com/PostView.naver?blogId=chandong83&logNo=221953785531&categoryNo=81&parentCategoryNo=0&viewDate=&currentPage=1&postListTopCurrentPage=1&from=postView	6
파이썬(Python) - AES-GCM 암호화 복호화 예제 by pycryptodome		2020. 4. 2.	https://blog.naver.com/PostView.naver?blogId=chandong83&logNo=221886840586&categoryNo=81&parentCategoryNo=0&viewDate=&currentPage=1&postListTopCurrentPage=1&from=postView	
파이썬(Python) - Intel Hex to Bin 변환 소스 코드		2020. 2. 9.	https://blog.naver.com/PostView.naver?blogId=chandong83&logNo=221801520321&categoryNo=81&parentCategoryNo=0&viewDate=&currentPage=1&postListTopCurrentPage=1&from=postView	
파이썬(Python) - 파파고 번역 API를 이용해 파워포인트(pptx) 번역하기(python-pptx)		2019. 11. 6.	https://blog.naver.com/PostView.naver?blogId=chandong83&logNo=221700010980&categoryNo=81&parentCategoryNo=0&viewDate=&currentPage=1&postListTopCurrentPage=1&from=postView	21
파이썬(Python)-ping으로 IP 주소 찾는 코드		2019. 10. 9.	https://blog.naver.com/PostView.naver?blogId=chandong83&logNo=221672910601&categoryNo=81&parentCategoryNo=0&viewDate=&currentPage=1&postListTopCurrentPage=1&from=postView	1
파이썬(Python) - Android Vector XML 파일을 SVG로 변환 코드		2019. 1. 2.	https://blog.naver.com/PostView.naver?blogId=chandong83&logNo=221432767944&categoryNo=81&parentCategoryNo=0&viewDate=&currentPage=1&postListTopCurrentPage=1&from=postView	
파이썬(Python) - 이미지 파일을 byte 해더 파일로 만들어주는 코드		2018. 12. 1.	https://blog.naver.com/PostView.naver?blogId=chandong83&logNo=221410238005&categoryNo=81&parentCategoryNo=0&viewDate=&currentPage=1&postListTopCurrentPage=1&from=postView	5
파이썬(Python) - Hid Descriptor Tool(DT)용 파일 변환 코드		2018. 11. 29.	https://blog.naver.com/PostView.naver?blogId=chandong83&logNo=221408617072&categoryNo=81&parentCategoryNo=0&viewDate=&currentPage=1&postListTopCurrentPage=1&from=postView	1
파이썬(Python) - 날씨정보 API 없이 사용하기(feat. 네이버 크롤링?)		2018. 6. 23.	https://blog.naver.com/PostView.naver?blogId=chandong83&logNo=221305144464&categoryNo=81&parentCategoryNo=0&viewDate=&currentPage=1&postListTopCurrentPage=1&from=postView	26
파이썬(Python) - 이미지 파일 ST7567 용 바이트 포맷으로 변환 코드		2018. 6. 2.	https://blog.naver.com/PostView.naver?blogId=chandong83&logNo=221289974652&categoryNo=81&parentCategoryNo=0&viewDate=&currentPage=1&postListTopCurrentPage=1&from=postView	
파이썬(Python) - TCP Echo Server / Client 소스 코드 및 설명		2018. 1. 26.	https://blog.naver.com/PostView.naver?blogId=chandong83&logNo=221194085638&categoryNo=81&parentCategoryNo=0&viewDate=&currentPage=1&postListTopCurrentPage=1&from=postView	14
파이썬(Python) - 시리얼 통신 사용하기 - pyserial		2017. 12. 6.	https://blog.naver.com/PostView.naver?blogId=chandong83&logNo=221156763486&categoryNo=81&parentCategoryNo=0&viewDate=&currentPage=1&postListTopCurrentPage=1&from=postView	31
파이썬(Python) - 마이크(mic) 입력 코드 - pyaudio		2017. 11. 27.	https://blog.naver.com/PostView.naver?blogId=chandong83&logNo=221149828690&categoryNo=81&parentCategoryNo=0&viewDate=&currentPage=1&postListTopCurrentPage=1&from=postView	1
파이썬(Python) -  스노우보이(snowboy) 쉽게 사용하기		2017. 11. 24.	https://blog.naver.com/PostView.naver?blogId=chandong83&logNo=221147785877&categoryNo=81&parentCategoryNo=0&viewDate=&currentPage=1&postListTopCurrentPage=1&from=postView	27
파이썬(Python) - 날씨 정보 API 사용 코드 - SK Weather Planet		2017. 11. 20.	https://blog.naver.com/PostView.naver?blogId=chandong83&logNo=221144142343&categoryNo=81&parentCategoryNo=0&viewDate=&currentPage=1&postListTopCurrentPage=1&from=postView	15
파이썬(Python) 숫자 문자열을 한글 문자로 변환하는 코드		2017. 11. 20.	https://blog.naver.com/PostView.naver?blogId=chandong83&logNo=221144077279&categoryNo=81&parentCategoryNo=0&viewDate=&currentPage=1&postListTopCurrentPage=1&from=postView	6
파이썬(Python) 시간 알림(Alarm)		2017. 7. 17.	https://blog.naver.com/PostView.naver?blogId=chandong83&logNo=221053413380&categoryNo=81&parentCategoryNo=0&viewDate=&currentPage=2&postListTopCurrentPage=1&from=postView	
파이썬(python) AES CBC 암호/복호화 코드		2017. 6. 5.	https://blog.naver.com/PostView.naver?blogId=chandong83&logNo=221021909030&categoryNo=81&parentCategoryNo=0&viewDate=&currentPage=2&postListTopCurrentPage=1&from=postView	18
파이썬(Python) 폴더에 있는 모든 파일을 안드로이드 기기에 ADB로 밀어 넣는 코드		2017. 5. 26.	https://blog.naver.com/PostView.naver?blogId=chandong83&logNo=221015068625&categoryNo=81&parentCategoryNo=0&viewDate=&currentPage=2&postListTopCurrentPage=1&from=postView	
파이썬(Python) PyQt가 테스트 및 검증 프로그램 짜기 참 좋은 것 같다.		2017. 2. 24.	https://blog.naver.com/PostView.naver?blogId=chandong83&logNo=220943923379&categoryNo=81&parentCategoryNo=0&viewDate=&currentPage=2&postListTopCurrentPage=1&from=postView	20
파이썬(Python) 시리얼(Uart) 데이터 읽기 - 스레드(thread)를 이용해 실시간으로 받기		2017. 2. 21.	https://blog.naver.com/PostView.naver?blogId=chandong83&logNo=220941128858&categoryNo=81&parentCategoryNo=0&viewDate=&currentPage=2&postListTopCurrentPage=1&from=postView	12
파이썬(Python) pyserial을 이용한 UART 바이트(Byte) 데이터 보내기		2017. 2. 16.	https://blog.naver.com/PostView.naver?blogId=chandong83&logNo=220937210282&categoryNo=81&parentCategoryNo=0&viewDate=&currentPage=2&postListTopCurrentPage=1&from=postView	
파이썬(Python) UDP Echo Server / Client 소스 코드 및 설명		2017. 2. 7.	https://blog.naver.com/PostView.naver?blogId=chandong83&logNo=220929454009&categoryNo=81&parentCategoryNo=0&viewDate=&currentPage=2&postListTopCurrentPage=1&from=postView	10
파이썬(Python) 특정 어플 강제 종료하기 - 리눅스		2017. 1. 4.	https://blog.naver.com/PostView.naver?blogId=chandong83&logNo=220902740056&categoryNo=81&parentCategoryNo=0&viewDate=&currentPage=2&postListTopCurrentPage=1&from=postView	3
파이썬(Python) OpenCV 패키지 설치 - 윈도우		2016. 11. 13.	https://blog.naver.com/PostView.naver?blogId=chandong83&logNo=220860231696&categoryNo=81&parentCategoryNo=0&viewDate=&currentPage=2&postListTopCurrentPage=1&from=postView	
파이썬(Python) - OpenGL 설치 및 데모 돌려보기! - 우분투		2016. 10. 27.	https://blog.naver.com/PostView.naver?blogId=chandong83&logNo=220846497312&categoryNo=81&parentCategoryNo=0&viewDate=&currentPage=2&postListTopCurrentPage=1&from=postView	
